"","word1","word2","n"
"1","republican","party",16
"2","labor","party",12
"3","federal","aid",10
"4","roll","calls",10
"5","afl","cio",8
"6","democratic","party",8
"7","federal","government",8
"8","national","committee",8
"9","vice","president",8
"10","labor","unions",7
"11","rural","electrification",6
"12","british","socialists",5
"13","class","struggle",5
"14","congressional","quarterly",5
"15","potential","voters",5
"16","remain","due",5
"17","republican","candidates",5
"18","social","security",5
"19","adlai","stevenson",4
"20","association","pressure",4
"21","assorted","lot",4
"22","blue","chip",4
"23","campaign","gaitskell",4
"24","cent","rate",4
"25","conservative","democrats",4
"26","divided","world",4
"27","eisenhower","administration",4
"28","farm","plans",4
"29","henry","wallace",4
"30","ill","assorted",4
"31","investor","owned",4
"32","local","organization",4
"33","lord","woolton",4
"34","los","angeles",4
"35","owned","companies",4
"36","party","organization",4
"37","press","conference",4
"38","private","investors",4
"39","red","china",4
"40","spectacular","growth",4
"41","trade","association",4
"42","wall","street",4
"43","armistice","day",3
"44","chairman","hall",3
"45","cio","committee",3
"46","communist","issue",3
"47","congressional","record",3
"48","dog","days",3
"49","election","campaign",3
"50","government","spending",3
"51","income","taxes",3
"52","liberal","democrats",3
"53","liberal","party",3
"54","middle","west",3
"55","minor","inconsistencies",3
"56","minor","overlaps",3
"57","national","policy",3
"58","ocr","limitations",3
"59","political","education",3
"60","political","influence",3
"61","political","labor",3
"62","private","insurance",3
"63","public","opinion",3
"64","public","power",3
"65","republican","national",3
"66","senator","schoeppel",3
"67","socialist","party",3
"68","soviet","russia",3
"69","stevenson","kefauver",3
"70","tax","cuts",3
"71","text","extracted",3
"72","war","effort",3
"73","white","house",3
"74","abnormal","manifestation",2
"75","active","labor",2
"76","active","local",2
"77","actual","fourth",2
"78","ad","lib",2
"79","advantages","compromise",2
"80","agricultural","genius",2
"81","ah","communism",2
"82","amateur","university",2
"83","american","achievement",2
"84","american","army",2
"85","american","government",2
"86","american","liberal",2
"87","american","liberals",2
"88","american","political",2
"89","american","workers",2
"90","anachronism","italy",2
"91","aneurin","bevan",2
"92","angeles","platform",2
"93","announcement","soviet",2
"94","antiquated","concepts",2
"95","appeal","based",2
"96","appeal","tranquilizes",2
"97","appeal","utterly",2
"98","appreciably","increase",2
"99","argued","americans",2
"100","arid","wastes",2
"101","armchair","doctrinaire",2
"102","army","officer",2
"103","astonishing","assertion",2
"104","bankers","investors",2
"105","behavior","pattern",2
"106","bevan","trade",2
"107","bitter","haters",2
"108","boating","swimming",2
"109","bovine","classification",2
"110","brimming","financial",2
"111","british","conservatives",2
"112","british","election",2
"113","british","electorate",2
"114","british","labor",2
"115","british","people",2
"116","british","refused",2
"117","brought","victory",2
"118","budget","director",2
"119","business","class",2
"120","business","school",2
"121","call","switch",2
"122","called","liberals",2
"123","campaign","committees",2
"124","candidate","defeated",2
"125","candidate","stevenson",2
"126","capehart","dealer",2
"127","capital","community",2
"128","cargo","plane",2
"129","cargo","planes",2
"130","cent","half",2
"131","cent","paid",2
"132","chief","beneficiaries",2
"133","chief","justice",2
"134","chip","industrial",2
"135","chip","pool",2
"136","christian","democrats",2
"137","civil","war",2
"138","class","appeal",2
"139","class","distinctions",2
"140","class","division",2
"141","class","party",2
"142","classified","cows",2
"143","collective","farms",2
"144","columbia","basin",2
"145","column","structure",2
"146","committed","socialists",2
"147","committee","meets",2
"148","common","sense",2
"149","complete","records",2
"150","component","elements",2
"151","congressional","district",2
"152","congressional","districts",2
"153","conservative","candidate",2
"154","conservatives","fought",2
"155","considerable","poverty",2
"156","constant","inflow",2
"157","cooperative","association",2
"158","cooperatives","choose",2
"159","county","illinois",2
"160","cross","breeding",2
"161","cynically","coveted",2
"162","czarist","russia",2
"163","dairy","farm",2
"164","deadly","competition",2
"165","deathless","fourth",2
"166","definable","choice",2
"167","democratic","committee",2
"168","democratic","support",2
"169","democratic","union",2
"170","democrats","opposed",2
"171","department","explained",2
"172","deputy","premier",2
"173","die","surely",2
"174","difficult","due",2
"175","discredited","appeals",2
"176","doctrinaire","fabians",2
"177","dozen","labor's",2
"178","dream","recently",2
"179","duly","capitalized",2
"180","earlier","article",2
"181","earned","surplus",2
"182","economic","illusions",2
"183","economic","miracle",2
"184","economists","offer",2
"185","economy","votes",2
"186","educational","novelties",2
"187","efficient","party",2
"188","eighteen","months",2
"189","eisenhower","cynically",2
"190","election","day",2
"191","election","offers",2
"192","election","officials",2
"193","election","proved",2
"194","electorate","weary",2
"195","electric","cooperative",2
"196","electrical","cooperatives",2
"197","electrification","administration",2
"198","ellis","dream",2
"199","ellis","proposed",2
"200","excessive","abuse",2
"201","extra","effort",2
"202","extracted","text",2
"203","factual","argument",2
"204","false","analogy",2
"205","false","elixir",2
"206","farm","expert",2
"207","farm","program",2
"208","farmer's","milkhouse",2
"209","fashioned","local",2
"210","fat","majority",2
"211","federal","control",2
"212","federal","expenditures",2
"213","federal","hydroelectric",2
"214","fever","heat",2
"215","fewer","cattle",2
"216","financial","position",2
"217","fine","public",2
"218","foolhardy","venture",2
"219","ford","foundation",2
"220","forthcoming","conference",2
"221","fought","hard",2
"222","fourth","branch",2
"223","fourth","rejection",2
"224","free","status",2
"225","free","world",2
"226","frequently","mentioned",2
"227","function","similar",2
"228","future","reflection",2
"229","gamble","americans",2
"230","governing","britain",2
"231","government","benefits",2
"232","government","build",2
"233","government","ownership",2
"234","government","power",2
"235","grade","blue",2
"236","gradual","reduction",2
"237","greatly","increased",2
"238","growing","middle",2
"239","hard","hitting",2
"240","hardhanded","practical",2
"241","hit","hard",2
"242","hitting","produces",2
"243","horned","cattle",2
"244","hospital","readers",2
"245","hostile","arid",2
"246","housing","slum",2
"247","hugh","gaitskell",2
"248","human","behavior",2
"249","humphrey","price",2
"250","hydroelectric","projects",2
"251","hypothetical","increase",2
"252","ideas","rejected",2
"253","ill","fitted",2
"254","illimitable","profits",2
"255","imagination","coupled",2
"256","immediately","consigned",2
"257","impossible","compromises",2
"258","income","tax",2
"259","incredible","political",2
"260","independent","government",2
"261","individual","income",2
"262","industrial","bonds",2
"263","internal","malaise",2
"264","internal","security",2
"265","investment","account",2
"266","investment","operation",2
"267","investment","opportunities",2
"268","investors","contractors",2
"269","jointed","illustrated",2
"270","jolly","slav",2
"271","joseph","martin",2
"272","juggling","act",2
"273","julius","hirsch",2
"274","k's","rise",2
"275","k's","travels",2
"276","khrushchev","rose",2
"277","labor","union",2
"278","largest","corporations",2
"279","leaving","hugh",2
"280","led","collectively",2
"281","lending","money",2
"282","liberal","legislation",2
"283","liberal","wing",2
"284","liberals","led",2
"285","lobby","called",2
"286","local","officials",2
"287","low","yield",2
"288","lower","taxes",2
"289","machinery","centers",2
"290","maintaining","party",2
"291","major","alternative",2
"292","major","factor",2
"293","major","profit",2
"294","mares","resumed",2
"295","marginal","democratic",2
"296","marxist","goals",2
"297","mass","production",2
"298","master","plan",2
"299","maturing","investments",2
"300","middle","income",2
"301","military","preparedness",2
"302","minor","formatting",2
"303","miracle","belongs",2
"304","miracle","wallace",2
"305","modest","returns",2
"306","month","renounced",2
"307","monumental","sweep",2
"308","moral","element",2
"309","multiplying","production",2
"310","mystical","henry",2
"311","mystical","overtones",2
"312","mythical","national",2
"313","nation","eviscerated",2
"314","national","candidates",2
"315","national","chairman",2
"316","national","level",2
"317","national","rural",2
"318","national","ticket",2
"319","national","tickets",2
"320","neglected","london",2
"321","nreca","clyde",2
"322","offered","differences",2
"323","offs","macmillan",2
"324","opinion","polls",2
"325","opposition","votes",2
"326","oregon","washington",2
"327","organization","built",2
"328","original","column",2
"329","original","formatting",2
"330","original","purpose",2
"331","ownership","fade",2
"332","parliamentary","minority",2
"333","partnership","policy",2
"334","party","frustrates",2
"335","party","lines",2
"336","party","machinery",2
"337","party","suited",2
"338","party","vigor",2
"339","past","leaving",2
"340","perfect","accuracy",2
"341","personal","appeal",2
"342","personal","responsibility",2
"343","photographed","amid",2
"344","political","campaigns",2
"345","political","lawyers",2
"346","political","phantoms",2
"347","political","revolution",2
"348","politically","active",2
"349","polling","business",2
"350","potomac","paradise",2
"351","potomac","river",2
"352","power","monopoly",2
"353","practical","advantages",2
"354","practical","colleagues",2
"355","practical","people",2
"356","premier","visited",2
"357","president","eisenhower",2
"358","president's","veto",2
"359","pressure","lobby",2
"360","pressure","organization",2
"361","price","bill",2
"362","private","investor",2
"363","produces","apathy",2
"364","produces","excitement",2
"365","profound","obligation",2
"366","progressive","agriculture",2
"367","promises","illimitable",2
"368","promises","lower",2
"369","promoters","political",2
"370","propaganda","duly",2
"371","prostrate","liberal",2
"372","provide","boating",2
"373","provide","federal",2
"374","public","housing",2
"375","public","servant",2
"376","published","memoirs",2
"377","purpose","permitted",2
"378","push","rural",2
"379","quietly","moving",2
"380","radical","vote",2
"381","rain","falls",2
"382","reasonable","portion",2
"383","recently","proposed",2
"384","recently","published",2
"385","reform","movement",2
"386","regain","power",2
"387","remote","farmers",2
"388","renounced","marxism",2
"389","reporters","threw",2
"390","republican","campaign",2
"391","republican","counties",2
"392","republican","leaders",2
"393","republican","support",2
"394","republicans","supplied",2
"395","residence","requirements",2
"396","respective","chairmen",2
"397","responsible","freedom",2
"398","responsible","party",2
"399","rich","windfalls",2
"400","river","project",2
"401","roosevelt","term",2
"402","rural","electric",2
"403","rural","electrical",2
"404","russia","specialists",2
"405","russian","officer",2
"406","russian","trait",2
"407","safely","governed",2
"408","savings","account",2
"409","school","construction",2
"410","secretary","benson",2
"411","semi","desert",2
"412","servant","secretary",2
"413","services","housing",2
"414","shaw","economists",2
"415","short","personal",2
"416","short","term",2
"417","single","system's",2
"418","slum","clearance",2
"419","social","democrats",2
"420","social","services",2
"421","socialists","alike",2
"422","soft","appeal",2
"423","soil","bank",2
"424","soviet","juggling",2
"425","soviet","photographers",2
"426","soviet","reporters",2
"427","space","permits",2
"428","stainless","steel",2
"429","stalin's","death",2
"430","static","electorate",2
"431","statistical","pigs",2
"432","statistical","successes",2
"433","statistically","transformed",2
"434","street","financing",2
"435","strong","active",2
"436","supreme","court",2
"437","surplus","rose",2
"438","swimming","picnicking",2
"439","switch","offs",2
"440","system's","program",2
"441","taft","hartley",2
"442","talents","henry",2
"443","tax","free",2
"444","tax","relief",2
"445","term","governments",2
"446","term","low",2
"447","terrible","fiascoes",2
"448","time","heavily",2
"449","tokyo","hospital",2
"450","total","earned",2
"451","tourist","trade",2
"452","tracts","east",2
"453","trade","unionists",2
"454","trade","unions",2
"455","trade","west",2
"456","tva","model",2
"457","u.s","house",2
"458","unfolding","picture",2
"459","unionists","welfare",2
"460","university","intellectuals",2
"461","unusual","function",2
"462","urban","renewal",2
"463","utterly","failed",2
"464","vast","imagination",2
"465","vast","investment",2
"466","vast","scheme",2
"467","vast","tracts",2
"468","vincent","astor",2
"469","voters","increases",2
"470","votes","cast",2
"471","wage","earners",2
"472","walter","reuther",2
"473","washington","lobby",2
"474","watchful","eye",2
"475","weariness","impatience",2
"476","webbs","bitter",2
"477","weeks","ago",2
"478","welfare","workers",2
"479","west","germany",2
"480","western","allies",2
"481","wholesome","character",2
"482","wholly","abnormal",2
"483","wide","publicity",2
"484","wide","similarity",2
"485","window","ledge",2
"486","wonderful","farm",2
"487","workers","amateur",2
"488","workers","nationalization",2
"489","yield","governments",2
"490","york","bank",2
"491","aa","august",1
"492","abandoning","job",1
"493","abolishing","income",1
"494","abolishing","poverty",1
"495","absentee","ballots",1
"496","abstention","republican",1
"497","abundant","evidence",1
"498","academic","freedom",1
"499","accelerated","growth",1
"500","accelerating","drop",1
"501","acceptable","method",1
"502","acceptle","ance",1
"503","accounting","act",1
"504","accurate","pre",1
"505","accurately","designed",1
"506","achieving","economic",1
"507","acquiescence","permitted",1
"508","active","candidates",1
"509","actual","physical",1
"510","actual","revenues",1
"511","acute","foreign",1
"512","acutely","sensitive",1
"513","ada","coalithus",1
"514","added","challenge",1
"515","additional","easy",1
"516","additional","party",1
"517","additional","strength",1
"518","additional","text",1
"519","address","published",1
"520","adequate","money",1
"521","adequate","supply",1
"522","administration","countless",1
"523","administration","vigorously",1
"524","administration's","insistence",1
"525","administration’s","power",1
"526","administrators","settle",1
"527","advocate","recognition",1
"528","aeial","u.s",1
"529","affect","voters",1
"530","affiliation","democratic",1
"531","afl","cio’s",1
"532","age","foundation’s",1
"533","aged","persons",1
"534","agencies","publish",1
"535","aggression","eisenhower",1
"536","ago","established",1
"537","agrarian","expert",1
"538","agricultural","policies",1
"539","agricultural","regions",1
"540","airplane","industry",1
"541","aj","invalid",1
"542","ak","governors",1
"543","albert","nash",1
"544","alcorn","program",1
"545","alcorn’s","suggestion",1
"546","alien","property",1
"547","alike","burden",1
"548","alike","en",1
"549","alike","encourage",1
"550","alleged","improper",1
"551","allegedly","independent",1
"552","alleviate","human",1
"553","aloud","kennedy",1
"554","alton","brooks",1
"555","american","aid",1
"556","american","astor",1
"557","american","children",1
"558","american","citizen",1
"559","american","citizens",1
"560","american","civilians",1
"561","american","colonies",1
"562","american","enterprise",1
"563","american","habit",1
"564","american","herit",1
"565","american","heritage",1
"566","american","military",1
"567","american","minds",1
"568","american","party",1
"569","american","people",1
"570","american","policy",1
"571","american","revolution",1
"572","americans","east",1
"573","americans","killed",1
"574","amount","annually",1
"575","ampaign","orators",1
"576","analogy","congressman",1
"577","ance","speech",1
"578","ancient","concept",1
"579","annual","messages",1
"580","annual","regional",1
"581","anonymous","bureaucrat",1
"582","answered","don’t",1
"583","anthony","leviero",1
"584","anti","labor",1
"585","anticipated","growth",1
"586","ap","quoted",1
"587","apap","ak",1
"588","apartment","house",1
"589","apparent","unable",1
"590","applying","federal",1
"591","appointed","officer",1
"592","appointive","offices",1
"593","apprehensions","party",1
"594","apprenu.s","patent",1
"595","approximately","threeof",1
"596","april","meeting",1
"597","ar","ce",1
"598","ar","frauds",1
"599","ard","comment",1
"600","ardent","patriotism",1
"601","aridrew","schoeppel",1
"602","aristocrat","jefferson",1
"603","arthur","krock",1
"604","article","seemingly",1
"605","as_","chores",1
"606","asia","africa",1
"607","assembly","republicans",1
"608","assistance","grants",1
"609","assistance","recipients",1
"610","assured","security",1
"611","astor","lived",1
"612","astor","opposed",1
"613","astor's","heart",1
"614","ate","study",1
"615","atomic","quest",1
"616","attack","bureauitis",1
"617","attack","rests",1
"618","attendance","age",1
"619","attending","school",1
"620","attractive","candidates",1
"621","attractive","countryside",1
"622","auguration","dies",1
"623","august","kennedy",1
"624","australia","hawaii",1
"625","authentic","leaders",1
"626","authorize","henry",1
"627","automatic","milker",1
"628","automation","foreign",1
"629","automobile","industry",1
"630","autumn","days",1
"631","average","citizen",1
"632","average","conservative",1
"633","averaged","million",1
"634","avoid","overlapping",1
"635","avoid","predictions",1
"636","awful","decisions",1
"637","ay","olan",1
"638","bad","manners",1
"639","bag","campaign",1
"640","balanced","chronic",1
"641","ball","minnesota",1
"642","ballots","regarded",1
"643","barred","battered",1
"644","barring","war",1
"645","baseball","aver",1
"646","basic","designs",1
"647","basic","element",1
"648","basic","organization",1
"649","basic","rate",1
"650","basic","unit",1
"651","basin","approximately",1
"652","befell","thomas",1
"653","believes","destiny",1
"654","beloved","president",1
"655","benefits","paid",1
"656","bennett","dewey",1
"657","bennion","committee",1
"658","benson","agricultural",1
"659","benson","farm",1
"660","bernard","baruch",1
"661","bethe","people",1
"662","bewildering","variety",1
"663","biennial","elections",1
"664","bigger","planes",1
"665","bill","died",1
"666","bill","recognizes",1
"667","billion","increases",1
"668","billion","raised",1
"669","billions","undertake",1
"670","billy","graham",1
"671","bipartisan","statistical",1
"672","bishi","ops",1
"673","bitter","indignation",1
"674","bitter","memory",1
"675","bitterly","opposed",1
"676","blatant","examples",1
"677","blind","acceptance",1
"678","board","aid",1
"679","board","neatly",1
"680","bonds","principle",1
"681","book","don’t",1
"682","book","filling",1
"683","book","pollsum",1
"684","borough","council",1
"685","borough","labor",1
"686","borrowing","capacity",1
"687","bounty","economics",1
"688","breed","multitudes",1
"689","breton","legend",1
"690","brig","j.a",1
"691","bright","brave",1
"692","bring","fundamentally",1
"693","bristol","lives",1
"694","bristol","trade",1
"695","british","call",1
"696","british","elections",1
"697","british","model",1
"698","british","politics",1
"699","broad","tidal",1
"700","broke","precedent",1
"701","brooks","parker",1
"702","bruised","mon",1
"703","budget","cuts",1
"704","build","planes",1
"705","building","soundly",1
"706","burden","onstrate",1
"707","bush’s","warning",1
"708","business","administration",1
"709","business","community",1
"710","business","enterprise",1
"711","business","enterprises",1
"712","business","leaders",1
"713","business","management",1
"714","business","stress",1
"715","business","travelers",1
"716","businessmen","concerned",1
"717","butler","plan",1
"718","buy","pay",1
"719","buying","war",1
"720","byrd","told",1
"721","byrd’s","office",1
"722","cabinet","level",1
"723","cal","writers",1
"724","californ","fight",1
"725","california","governor",1
"726","california","republican",1
"727","call","analysis",1
"728","call","social",1
"729","called","independents",1
"730","called","society",1
"731","called","stat",1
"732","called","trust",1
"733","calls","permitted",1
"734","campaign","chairmen",1
"735","campaign","committee",1
"736","campaign","techniques",1
"737","campaign","workers",1
"738","campaigning","distinguish",1
"739","campaigning","methods",1
"740","campaigning","west",1
"741","candidate","dewey",1
"742","candidate","rely",1
"743","candidate","traveled",1
"744","candidate","whenhe",1
"745","candidate's","wife",1
"746","candidates","habit",1
"747","candidates","kennedy",1
"748","canyon","bill",1
"749","capehart","capehart",1
"750","capis","trano",1
"751","capital","gains",1
"752","capitalist","japan",1
"753","capricious","disorderly",1
"754","captain","astor's",1
"755","captive","workers",1
"756","car","television",1
"757","card","preferences",1
"758","care","benefits",1
"759","carefree","warren",1
"760","careful","perusal",1
"761","cargo","flying",1
"762","carried","california",1
"763","carry","fiscal",1
"764","cast","death",1
"765","casting","absentee",1
"766","catastrophic","illness",1
"767","catholic","bishi",1
"768","ce","candidate",1
"769","cent","corporate",1
"770","cent","nature",1
"771","cent","parity",1
"772","cent","patman",1
"773","cent","score",1
"774","century","ago",1
"775","century","nationalism",1
"776","cerebral","thrombosis",1
"777","chain","stores",1
"778","chairman","meade",1
"779","chairman’s","job",1
"780","chairmen","moley",1
"781","change","optimism",1
"782","charles","seymour",1
"783","chase","smith",1
"784","check","counties",1
"785","chicago","acceptle",1
"786","chicane","force",1
"787","chief","adviser",1
"788","chief","consulting",1
"789","chief","means",1
"790","chief","petty",1
"791","chief","proponent",1
"792","china","japan",1
"793","chinese","intervention",1
"794","choice","hard",1
"795","choice","tion",1
"796","chores","senators",1
"797","christian","churches",1
"798","chronick","conducted",1
"799","cial","patterns",1
"800","cio","news",1
"801","cio","resolution",1
"802","cio","selected",1
"803","cio","strategy",1
"804","cio’s","cope",1
"805","circumstance","offer",1
"806","cite","ay",1
"807","citizen","lost",1
"808","city","bennett",1
"809","city","block",1
"810","city","demoboss",1
"811","civilization","physical",1
"812","civilization","witness",1
"813","clacking","computer",1
"814","claim","credit",1
"815","class","henry",1
"816","claude","debussy",1
"817","clean","cut",1
"818","clements","douglas",1
"819","close","associates",1
"820","close","balance",1
"821","close","election",1
"822","close","loopholes",1
"823","close","numerous",1
"824","closely","japan’s",1
"825","clumsy","laws",1
"826","clumsy","politically",1
"827","coattail","riders",1
"828","coattails","broad",1
"829","cold","satisfaction",1
"830","collaborator","estes",1
"831","collect","timate",1
"832","collecting","tank",1
"833","college","lad",1
"834","colorado","note",1
"835","columbia","barring",1
"836","columbia","university",1
"837","column","separation",1
"838","columnar","layout",1
"839","combined","pay",1
"840","coming","election",1
"841","commission","reported",1
"842","commit","pollsum",1
"843","committed","nixon",1
"844","committee","failed",1
"845","committee","meeting",1
"846","committee","spread",1
"847","committeeman","december",1
"848","committeemen","harrison",1
"849","committee’s","job",1
"850","common","purpose",1
"851","communism","communists",1
"852","communism","politicians",1
"853","communist","believes",1
"854","communist","countries",1
"855","communist","declare",1
"856","communist","frontier",1
"857","communist","propaganda",1
"858","communist","terms",1
"859","communists","entered",1
"860","competitive","capitalism",1
"861","competitive","economic",1
"862","compilations","concerns",1
"863","compiling","records",1
"864","complete","agreement",1
"865","complete","analysis",1
"866","complete","answer",1
"867","complete","decentralization",1
"868","completed","transactions",1
"869","complex","system",1
"870","complex","task",1
"871","complicated","process",1
"872","complicated","technical",1
"873","comprehensive","revenue",1
"874","comprises","constit",1
"875","comprises","constituencies",1
"876","comprises","voting",1
"877","compulsion","including",1
"878","compulsory","attendance",1
"879","computer","machines",1
"880","computing","machines",1
"881","comwas","set",1
"882","con","science",1
"883","conceived","red",1
"884","concentrated","power",1
"885","concern","slichter's",1
"886","concerns","republican",1
"887","condition","coming",1
"888","conduct","research",1
"889","conducting","investi",1
"890","conference","board",1
"891","conference","richard",1
"892","conferences","devoted",1
"893","confidence","ah",1
"894","confidently","assume",1
"895","conflicting","farm",1
"896","confusing","versions",1
"897","congress","failed",1
"898","congress","including",1
"899","congress","sets",1
"900","congress","share",1
"901","congress","winning",1
"902","congresses","items",1
"903","congresses","opposed",1
"904","congresses","removal",1
"905","congressional","campaign",1
"906","congressional","duties",1
"907","congressional","probes",1
"908","congressional","seats",1
"909","congressman","patman",1
"910","congressman","simpson",1
"911","conservative","agent",1
"912","conservative","candidates",1
"913","conservative","constituency",1
"914","conservative","dem",1
"915","conservative","estimate",1
"916","conservative","fight",1
"917","conservative","office",1
"918","conservative","organiza",1
"919","conservative","organization",1
"920","conservatively","inclined",1
"921","conservatives","waste",1
"922","considerable","proportion",1
"923","considerable","return",1
"924","considerable","study",1
"925","considerable","time",1
"926","constituency","agent",1
"927","constituency","headquarters",1
"928","constituency","votes",1
"929","constituents","editorials",1
"930","constitutional","ar",1
"931","constitutional","convention",1
"932","constitutional","duty",1
"933","consulting","actuary",1
"934","contest","senator",1
"935","contested","districts",1
"936","continually","changing",1
"937","continue","spending",1
"938","contributing","editor",1
"939","control","control",1
"940","control","dr",1
"941","convention","strategy",1
"942","conversion","ee",1
"943","convert","democrats",1
"944","converting","republicans",1
"945","cook","county",1
"946","cool","autumn",1
"947","cope","chief",1
"948","cope","committee",1
"949","cope","line",1
"950","cope","victorious",1
"951","cope’s","harvest",1
"952","coronary","thrombosis",1
"953","corporate","income",1
"954","corporate","mind",1
"955","corporate","rates",1
"956","corporate","tax",1
"957","corporate","taxes",1
"958","corporation","ft",1
"959","corporation","shift",1
"960","corporation","tax",1
"961","corporation","taxes",1
"962","corporations","engaged",1
"963","correct","statement",1
"964","corroborative","materials",1
"965","corruption","personalities",1
"966","counties","voted",1
"967","countless","chinese",1
"968","countless","local",1
"969","countless","votes",1
"970","countries","ideology",1
"971","country","concern",1
"972","county","iil",1
"973","courtney","brown",1
"974","cover","elderly",1
"975","cowles","publications",1
"976","cozen","independents",1
"977","cq","revised",1
"978","crazy","federal",1
"979","creased","activity",1
"980","creative","conservative",1
"981","criminal","justice",1
"982","critical","materials",1
"983","critical","moment",1
"984","cronies","highballs",1
"985","crowley","alien",1
"986","crowning","mischief",1
"987","culprit","destiny",1
"988","curious","book",1
"989","curious","mix",1
"990","curious","public",1
"991","current","craze",1
"992","current","hapare",1
"993","current","obsession",1
"994","current","trend",1
"995","cycle","official",1
"996","daily","appearances",1
"997","dan","throop",1
"998","dangerous","rumor",1
"999","daniel","webster",1
"1000","david","eccles",1
"1001","david","mccord",1
"1002","day","conference",1
"1003","day","elections",1
"1004","day","exhibition",1
"1005","day","press",1
"1006","day","satisfies",1
"1007","days","collect",1
"1008","days","missouri",1
"1009","days","soothe",1
"1010","deadly","enemies",1
"1011","deadly","opiate",1
"1012","deal","depart",1
"1013","deal","economists",1
"1014","deal","reelected",1
"1015","dealers","sinclairites",1
"1016","dearest","friends",1
"1017","death","resignation",1
"1018","debussy","painted",1
"1019","december","days",1
"1020","decisive","independ",1
"1021","decisive","minority",1
"1022","dedi","cated",1
"1023","deep","rity",1
"1024","deeply","concerned",1
"1025","deeply","religious",1
"1026","defeat","earnestly",1
"1027","defeat","edmund",1
"1028","defeat","senator",1
"1029","definitive","interpretation",1
"1030","delegating","responsibility",1
"1031","deliberately","franchise",1
"1032","democracy","safely",1
"1033","democracy's","exponent",1
"1034","democrat","sen",1
"1035","democratic","candidate",1
"1036","democratic","candidates",1
"1037","democratic","chairman",1
"1038","democratic","congress",1
"1039","democratic","counties",1
"1040","democratic","families",1
"1041","democratic","future",1
"1042","democratic","majority",1
"1043","democratic","organization",1
"1044","democratic","platform",1
"1045","democratic","primary",1
"1046","democratic","republican",1
"1047","democratic","senators",1
"1048","democratic","vote",1
"1049","democratic","votes",1
"1050","democrats","cast",1
"1051","democrats","march",1
"1052","democrats","supplied",1
"1053","democrats","voted",1
"1054","demoesatil","platform",1
"1055","denied","indiscriminate",1
"1056","dential","candidate",1
"1057","department","heads",1
"1058","depreciation","provision",1
"1059","des","moines",1
"1060","design","political",1
"1061","designated","spots",1
"1062","destroy","liberty",1
"1063","detailed","information",1
"1064","detailed","issues",1
"1065","determinism","wait",1
"1066","developing","hydroelectric",1
"1067","devout","communist",1
"1068","devoutly","hope",1
"1069","dewey","clare",1
"1070","dewey’s","million",1
"1071","didn’t","understand",1
"1072","died","kennedy",1
"1073","differs","fundamentally",1
"1074","dingy","inexpensive",1
"1075","dire","fate",1
"1076","direct","authority",1
"1077","direct","contradiction",1
"1078","direct","methods",1
"1079","directing","local",1
"1080","disability","confront",1
"1081","disabled","president",1
"1082","disaster","befell",1
"1083","discipline","oth",1
"1084","discipline","teachers",1
"1085","discourage","hard",1
"1086","discriminating","intelligence",1
"1087","disgraceful","exhibition",1
"1088","disorderly","thinking",1
"1089","distinguished","visitor",1
"1090","district","fresno",1
"1091","districts","republican",1
"1092","districts","switched",1
"1093","dividend","relief",1
"1094","doctrine","brought",1
"1095","domestic","concern",1
"1096","domestic","issues",1
"1097","domestic","reform",1
"1098","donald","nelson",1
"1099","double","jointed",1
"1100","doubt","created",1
"1101","doubt","thousands",1
"1102","douglas","lehman",1
"1103","dr","s.m",1
"1104","drastic","budget",1
"1105","drastically","weakened",1
"1106","draw","heavily",1
"1107","drawn","attention",1
"1108","dropping","functions",1
"1109","duty","personal",1
"1110","ea","ero",1
"1111","earl","warren",1
"1112","earlier","statement",1
"1113","earlier","suggestion",1
"1114","earned","dollar",1
"1115","earners","move",1
"1116","earnestly","desired",1
"1117","earth","practice",1
"1118","easily","interpreted",1
"1119","easily","spell",1
"1120","easily","understandable",1
"1121","east","south",1
"1122","eastern","border",1
"1123","eastern","money",1
"1124","easy","districts",1
"1125","easy","victims",1
"1126","easy","victory",1
"1127","eccles","minister",1
"1128","economic","cycle",1
"1129","economic","earthquake",1
"1130","economic","excesses",1
"1131","economic","interpretation",1
"1132","economic","issues",1
"1133","economic","political",1
"1134","economic","status",1
"1135","economic","system",1
"1136","economic","theories",1
"1137","economic","wizards",1
"1138","economics","popular",1
"1139","economists","hold",1
"1140","economy","congress",1
"1141","economy","minded",1
"1142","ective","registered",1
"1143","ed","flynn",1
"1144","editor","moley",1
"1145","editorial","personnel",1
"1146","edmund","burke",1
"1147","education","association",1
"1148","education","boon",1
"1149","education","moved",1
"1150","educational","programs",1
"1151","educators","rose",1
"1152","ee","popular",1
"1153","effective","options",1
"1154","efficient","mass",1
"1155","efficient","organization",1
"1156","efficient","system",1
"1157","eggers","labor",1
"1158","egghead","shadow",1
"1159","eisenhower","agree",1
"1160","eisenhower","benson",1
"1161","eisenhower","issues",1
"1162","eisenhower","majority",1
"1163","eisenhower","partnership",1
"1164","eisenhower","program",1
"1165","eisenhower","publish",1
"1166","eisenhower","received",1
"1167","eisenhower","roll",1
"1168","eisenhower's","pro",1
"1169","elect","morse",1
"1170","elect","thomas",1
"1171","elected","byrd",1
"1172","elected","inby",1
"1173","election","congress",1
"1174","election","kansas",1
"1175","election","laws",1
"1176","election","polls",1
"1177","election","recently",1
"1178","elections","hitherto",1
"1179","electoral","lubricant",1
"1180","electoral","system",1
"1181","elements","devoutly",1
"1182","elevate","adlai",1
"1183","eleventh","district",1
"1184","eloquent","warnings",1
"1185","emaabeneng","effect",1
"1186","embraced","mccarthyism",1
"1187","emergency","call",1
"1188","emotional","capacity",1
"1189","empty","success",1
"1190","empyrean","flight",1
"1191","endeavor","government",1
"1192","endorsed","a_",1
"1193","enforce","desegregation",1
"1194","engineering","ideas",1
"1195","engineering","personnel",1
"1196","england","scotland",1
"1197","engulfed","cathedral",1
"1198","enormous","increase",1
"1199","ent","national",1
"1200","ent","noting",1
"1201","enterprise","association",1
"1202","entire","normal",1
"1203","entitled","federal",1
"1204","environmental","influences",1
"1205","equally","loaded",1
"1206","eral","revenues",1
"1207","ernment","departments",1
"1208","ers","granted",1
"1209","erspective","registered",1
"1210","erts","ea",1
"1211","es","lle",1
"1212","escape","taxes",1
"1213","essential","judge",1
"1214","established","taxation",1
"1215","estateand","gift",1
"1216","estes","kefauver",1
"1217","estimable","gentleman",1
"1218","eternally","accelerated",1
"1219","european","countries",1
"1220","evaluate","closely",1
"1221","evaluating","republican",1
"1222","evidence","west",1
"1223","exact","opposite",1
"1224","exact","types",1
"1225","exceedingly","slim",1
"1226","excellence","surely",1
"1227","excellent","cargo",1
"1228","excess","profits",1
"1229","excise","paid",1
"1230","excise","taxes",1
"1231","executive","sales",1
"1232","executives","constantly",1
"1233","exempt","status",1
"1234","exercise","judgment",1
"1235","exist","due",1
"1236","exist","leaders",1
"1237","exist","medical",1
"1238","expect","congress",1
"1239","expensive","mechanical",1
"1240","experienced","financial",1
"1241","experimental","models",1
"1242","expert","experienced",1
"1243","expertly","trained",1
"1244","expressed","public",1
"1245","extreme","importance",1
"1246","extremists","coattail",1
"1247","fair","deal",1
"1248","fair","size",1
"1249","faith","sharply",1
"1250","false","authority",1
"1251","faltering","hand",1
"1252","faltering","step",1
"1253","famec","september",1
"1254","family","budget",1
"1255","famous","ancestor",1
"1256","fancy","free",1
"1257","farley","continue",1
"1258","farley’s","future",1
"1259","farm","surplus",1
"1260","farnsworth","vision",1
"1261","fashioned","folks",1
"1262","fashioned","individual",1
"1263","father","joe",1
"1264","favor","heavy",1
"1265","favor","warren",1
"1266","favorable","votes",1
"1267","favored","cutting",1
"1268","favorite","son",1
"1269","fear","dislike",1
"1270","feder","power",1
"1271","federal","assistance",1
"1272","federal","bureau",1
"1273","federal","centralization",1
"1274","federal","establishment",1
"1275","federal","income",1
"1276","federal","inspec",1
"1277","federal","law",1
"1278","federal","legisla",1
"1279","federal","legislation",1
"1280","federal","money",1
"1281","federal","plan",1
"1282","federal","power",1
"1283","federal","programs",1
"1284","federal","projects",1
"1285","federal","revenue",1
"1286","federal","social",1
"1287","feedback","obsession",1
"1288","fellow","named",1
"1289","fellows","runagainst",1
"1290","feuding","ing",1
"1291","fever","president",1
"1292","fewer","jobs",1
"1293","fically","dissects",1
"1294","fierce","criticism",1
"1295","fight","olson",1
"1296","fighting","faith",1
"1297","figure","garbed",1
"1298","figure","includes",1
"1299","figures","cope",1
"1300","final","choice",1
"1301","final","returns",1
"1302","final","session",1
"1303","finally","found",1
"1304","financial","insanity",1
"1305","financial","necessities",1
"1306","finest","attributes",1
"1307","finnegan","butler",1
"1308","firsthand","study",1
"1309","fiscal","irresponsibility",1
"1310","fiscal","obligations",1
"1311","flabby","campaigning",1
"1312","flaring","conflicts",1
"1313","flatter","flynn",1
"1314","flawless","result",1
"1315","flying","ships",1
"1316","flynn","scorned",1
"1317","fm","radio",1
"1318","fo","president",1
"1319","fof","canvassing",1
"1320","follow","politics",1
"1321","follow","recognition",1
"1322","follow","suit",1
"1323","followers","seized",1
"1324","food","spending",1
"1325","forand","bill",1
"1326","forbid","defiance",1
"1327","forceful","lessons",1
"1328","forcefully","illustrates",1
"1329","ford","money",1
"1330","foregoing","accounts",1
"1331","foreign","affairs",1
"1332","foreign","competition",1
"1333","foreign","ob",1
"1334","foreign","relations",1
"1335","foreseeable","future",1
"1336","formatting","discrepancies",1
"1337","formatting","including",1
"1338","formatting","inconsistencies",1
"1339","formulate","policies",1
"1340","forthcoming","meeting",1
"1341","forthcoming","white",1
"1342","fortunes","doctors",1
"1343","forward","backward",1
"1344","foundations","supplant",1
"1345","foundation’s","statement",1
"1346","fragile","statesman",1
"1347","frank","hague",1
"1348","frank","van",1
"1349","frank","walker",1
"1350","free","elections",1
"1351","free","expression",1
"1352","free","rhetoric",1
"1353","free","scheme",1
"1354","free","society",1
"1355","freeman","answers",1
"1356","freeman","assistant",1
"1357","freeman","served",1
"1358","freeman","study",1
"1359","freeman’s","answers",1
"1360","frequent","question",1
"1361","friend","added",1
"1362","friendly","constituents",1
"1363","friendly","japan",1
"1364","friendship","seldom",1
"1365","frol","kozlov",1
"1366","front","pages",1
"1367","ft","wayne",1
"1368","ful","lessons",1
"1369","furnish","information",1
"1370","future","cp",1
"1371","gains","additional",1
"1372","gains","tax",1
"1373","gen","eral",1
"1374","general's","office",1
"1375","generation","ur",1
"1376","genuine","alternative",1
"1377","genuine","necessities",1
"1378","george","meany",1
"1379","georgian","illustrated",1
"1380","ghostly","nimbus",1
"1381","giant","cargo",1
"1382","gift","tax",1
"1383","gilded","age",1
"1384","gin","tors",1
"1385","glibly","assume",1
"1386","goal","preserve",1
"1387","goofy","research",1
"1388","gop","leaders",1
"1389","gov","elect",1
"1390","government","ac",1
"1391","government","based",1
"1392","government","million",1
"1393","government","reorganization",1
"1394","government","units",1
"1395","governmental","units",1
"1396","governments","afford",1
"1397","governor","knight",1
"1398","governor","langlie",1
"1399","governor","lowden",1
"1400","governor","rockefeller",1
"1401","governors","conferences",1
"1402","graduate","school",1
"1403","graduated","corporation",1
"1404","graduated","tax",1
"1405","grand","coulee",1
"1406","grave","charge",1
"1407","grave","doubt",1
"1408","greatly","changed",1
"1409","green","mountains",1
"1410","greenville","s.c",1
"1411","grim","warning",1
"1412","grossly","underused",1
"1413","grundy","county",1
"1414","guardia","airthere",1
"1415","gubernatorial","cam‘paigns",1
"1416","hall","candidates",1
"1417","halted","mand",1
"1418","hand","column",1
"1419","hand","democracy",1
"1420","hand","onheart",1
"1421","hand","suggests",1
"1422","hand","true",1
"1423","hand","unshaken",1
"1424","handed","henry",1
"1425","handimagine","weeks",1
"1426","haphazard","collection",1
"1427","happiest","solution",1
"1428","happy","ns",1
"1429","harbor","interventionists",1
"1430","hardy","enterprise",1
"1431","harry","byrd",1
"1432","harry","homewood",1
"1433","hartley","act",1
"1434","hartley","facing",1
"1435","harvard","business",1
"1436","harvard","graduate",1
"1437","harvard","president’s",1
"1438","hat","canny",1
"1439","haunting","american",1
"1440","hawkes","republican",1
"1441","hay","enforcement",1
"1442","head","office",1
"1443","head","reflectively",1
"1444","headquarters","labor",1
"1445","health","insurance",1
"1446","healthinsurance","payments",1
"1447","heat","explaining",1
"1448","heaviest","penalty",1
"1449","heavily","edited",1
"1450","heavily","underscored",1
"1451","heavy","spending",1
"1452","hells","canyon",1
"1453","helpful","contribution",1
"1454","henry","didn’t",1
"1455","henry","entered",1
"1456","henry","looked",1
"1457","henry","lose",1
"1458","henry","nodded",1
"1459","highballs","penny",1
"1460","highly","competitive",1
"1461","highly","qualified",1
"1462","highly","skilled",1
"1463","history","leaders",1
"1464","history","politics",1
"1465","hitherto","solid",1
"1466","holdover","bureaucracy",1
"1467","holds","barred",1
"1468","holds","key",1
"1469","hollow","shells",1
"1470","home","affairs",1
"1471","home","constituency",1
"1472","home","rule",1
"1473","home","town",1
"1474","homely","metaphor",1
"1475","honest","election",1
"1476","honesty","voting",1
"1477","honor","declining",1
"1478","honor","propriety",1
"1479","hopelessly","henry",1
"1480","house","conference",1
"1481","house","lowest",1
"1482","house","received",1
"1483","house","representation",1
"1484","house","senator",1
"1485","house","vote",1
"1486","houston","chronick",1
"1487","howard","hughes",1
"1488","huge","obligations",1
"1489","human","misery",1
"1490","human","welfare",1
"1491","humphrey","nixon",1
"1492","hundred","thousand",1
"1493","hundreds","taxes",1
"1494","hydroelectric","power",1
"1495","ical","human",1
"1496","icy","status",1
"1497","idaho","campaign",1
"1498","idaho","combined",1
"1499","ideas","advice",1
"1500","identify","republicanism",1
"1501","ideological","zeal",1
"1502","ignite","bitter",1
"1503","ignore","party",1
"1504","ii","avoid",1
"1505","ike’s","fateful",1
"1506","im","presses",1
"1507","immense","satisfaction",1
"1508","immensely","complex",1
"1509","immensely","im",1
"1510","imminence","war",1
"1511","impersonal","ruthless",1
"1512","implicit","commitment",1
"1513","impose","additional",1
"1514","impossible","due",1
"1515","impressionistic","tone",1
"1516","improper","marking",1
"1517","inactive","republicans",1
"1518","inadequacy","democratic",1
"1519","inaugural","address",1
"1520","include","consideration",1
"1521","includes","millionyear",1
"1522","including","separating",1
"1523","including","taxes",1
"1524","income","relied",1
"1525","income","splitting",1
"1526","inconsistencies","due",1
"1527","inconspicuous","governor",1
"1528","increase","ir",1
"1529","increased","infiltration",1
"1530","increased","representain",1
"1531","independent","book",1
"1532","independent","figures",1
"1533","independent","market",1
"1534","independent","party",1
"1535","independent","people",1
"1536","independent","tion",1
"1537","independents","scorned",1
"1538","indignation","political",1
"1539","indiscriminate","collection",1
"1540","indiscriminate","mixing",1
"1541","indispensable","service",1
"1542","individual","incomes",1
"1543","individual","relief",1
"1544","individual","reporter",1
"1545","individual","responsibility",1
"1546","individual","voters",1
"1547","individual’s","freedom",1
"1548","indivisible","authority",1
"1549","indoctrinated","population",1
"1550","industrial","change",1
"1551","industrial","conference",1
"1552","industrial","workers",1
"1553","industry","kefauver",1
"1554","inexorable","trusteeship",1
"1555","inexpensive","quarters",1
"1556","inflationary","prices",1
"1557","influenced","mayor",1
"1558","inform","congress",1
"1559","information","offered",1
"1560","informative","discussions",1
"1561","inherited","instincts",1
"1562","iniquitous","excess",1
"1563","innate","reserve",1
"1564","insistent","demand",1
"1565","inspec","tion",1
"1566","inspire","party",1
"1567","inspired","system",1
"1568","instinctively","reveal",1
"1569","instruments","sheet",1
"1570","insurance","system",1
"1571","intellectual","convic",1
"1572","intelligence","vincent",1
"1573","intergovernmental","relations",1
"1574","interior","secretary",1
"1575","internal","affairs",1
"1576","internal","conflict",1
"1577","internally","japan",1
"1578","international","custom",1
"1579","international","levels",1
"1580","international","tensions",1
"1581","interventionists","fared",1
"1582","interview","register",1
"1583","interviews","professor",1
"1584","intimate","political",1
"1585","investors","capital",1
"1586","investors","sharing",1
"1587","invite","lawyers",1
"1588","invited","legal",1
"1589","involved","fear",1
"1590","iowa","ralph",1
"1591","ireland","burke",1
"1592","irresistible","pressure",1
"1593","irresponsible","vindictive",1
"1594","ise","liberal",1
"1595","island","deviated",1
"1596","issues","adopted",1
"1597","issues","office",1
"1598","j.a","mellsop",1
"1599","jacques","barzun's",1
"1600","james","middleton",1
"1601","japan","contend",1
"1602","japanese","politician",1
"1603","japan’s","capacity",1
"1604","japan’s","peril",1
"1605","japan’s","police",1
"1606","japan’s","political",1
"1607","japan’s","system",1
"1608","jersey","city",1
"1609","jim","farley’s",1
"1610","joaquin","valley",1
"1611","job","plans",1
"1612","job","supplanted",1
"1613","joe","cannon",1
"1614","john","hollister",1
"1615","john","pollsum",1
"1616","johnson","people",1
"1617","johnson","ticket",1
"1618","joint","resolution",1
"1619","joseph","campbell",1
"1620","juan","capis",1
"1621","judge","believed",1
"1622","judicial","matter",1
"1623","judiciary","enjoys",1
"1624","justice","marshall",1
"1625","kahsas","won",1
"1626","kaiser","september",1
"1627","kefauver","front",1
"1628","kefauver","team",1
"1629","kefauver","theme",1
"1630","kennedy","answered",1
"1631","kennedy","clements",1
"1632","kennedy","johnson",1
"1633","kennedy","nixon",1
"1634","key","posimen",1
"1635","keynes","favored",1
"1636","keynesian","theory",1
"1637","khrushchev","propaganda",1
"1638","knight","told",1
"1639","knowland","cope",1
"1640","knowland","knight",1
"1641","korean","war",1
"1642","la","guardia",1
"1643","la","piere's",1
"1644","labor","ada",1
"1645","labor","candidates",1
"1646","labor","committee",1
"1647","labor","laws",1
"1648","labor","leadership",1
"1649","labor","minorities",1
"1650","labor","movement",1
"1651","labor","platform",1
"1652","labor","power",1
"1653","labor","sections",1
"1654","labor","suffers",1
"1655","labor","votes",1
"1656","labor","workers",1
"1657","laborious","days",1
"1658","laboriously","hun",1
"1659","lacks","personal",1
"1660","larger","business",1
"1661","lasting","lesson",1
"1662","late","august",1
"1663","late","ed",1
"1664","late","january",1
"1665","late","lord",1
"1666","late","reports",1
"1667","latin","america",1
"1668","lating","body",1
"1669","law","partner",1
"1670","law","twenty",1
"1671","laws","byrd",1
"1672","lawyer","froma",1
"1673","lawyers","hope",1
"1674","leaders","issue",1
"1675","leaders","moved",1
"1676","leaders","office",1
"1677","leaders","radical",1
"1678","leaders","realized",1
"1679","leadership","deliberately",1
"1680","league","office",1
"1681","lecting","tank",1
"1682","led","people",1
"1683","left","japan’s",1
"1684","legal","power",1
"1685","legal","provision",1
"1686","legged","stool",1
"1687","legisla","tion",1
"1688","legislation","dealing",1
"1689","legislation","opposed",1
"1690","legislative","objectives",1
"1691","legitimate","rights",1
"1692","legitimate","unions",1
"1693","legitimately","voted",1
"1694","lehman","pastore",1
"1695","lem","speeches",1
"1696","lengthy","interview",1
"1697","leo","crowley",1
"1698","lesser","degree",1
"1699","lesser","extent",1
"1700","lesser","followers",1
"1701","lesson","ii",1
"1702","lesson","learned",1
"1703","letters","disagreeing",1
"1704","level","debate",1
"1705","level","federal",1
"1706","liberal","democrat",1
"1707","liberal","labor",1
"1708","liberal","politicians",1
"1709","liberal","republicans",1
"1710","lies","close",1
"1711","lies","heavily",1
"1712","life","subdued",1
"1713","likewise","john",1
"1714","limit","assistance",1
"1715","lincoln","tl",1
"1716","lip","service",1
"1717","listed","public",1
"1718","literacy","tests",1
"1719","litical","education",1
"1720","live","laborious",1
"1721","living","stand",1
"1722","lle","ppicinn",1
"1723","local","activities",1
"1724","local","bonds",1
"1725","local","candidates",1
"1726","local","communities",1
"1727","local","conditions",1
"1728","local","districts",1
"1729","local","governments",1
"1730","local","meetings",1
"1731","local","organizations",1
"1732","local","people",1
"1733","looked","worried",1
"1734","loos","angeles",1
"1735","loose","fancy",1
"1736","lord","keynes",1
"1737","lord","na",1
"1738","lord","nature",1
"1739","lose","democratic",1
"1740","losing","support",1
"1741","low","percentage",1
"1742","lowest","opposition",1
"1743","loyal","party",1
"1744","lush","san",1
"1745","lutely","set",1
"1746","madison","declared",1
"1747","maestro","james",1
"1748","maf","thousands",1
"1749","magnificently","correct",1
"1750","mail","party",1
"1751","main","middle",1
"1752","main","reliance",1
"1753","main","streets",1
"1754","maintain","contact",1
"1755","major","concern",1
"1756","major","domestic",1
"1757","major","issue",1
"1758","major","parties",1
"1759","major","test",1
"1760","majority","leader",1
"1761","majority","miscalled",1
"1762","majority","parties",1
"1763","majority","vote",1
"1764","malignant","influences",1
"1765","manageable","unit",1
"1766","manager","farley",1
"1767","managers","financed",1
"1768","managers","proprietors",1
"1769","managers","salesmen",1
"1770","manner","fitting",1
"1771","manpower","alliances",1
"1772","manual","correction",1
"1773","manufacturing","ability",1
"1774","man’s","environment",1
"1775","margaret","chase",1
"1776","marginal","republican",1
"1777","marginal","seat",1
"1778","marine","establishments",1
"1779","marshall","borrowing",1
"1780","martin","jr",1
"1781","marxist","conant",1
"1782","mass","education",1
"1783","massachusetts","house",1
"1784","massachusetts","lesson",1
"1785","massachusetts","likewise",1
"1786","masses","living",1
"1787","massive","burdens",1
"1788","massive","responsibilities",1
"1789","massive","structure",1
"1790","masters","call",1
"1791","material","form",1
"1792","material","level",1
"1793","material","profit",1
"1794","material","world",1
"1795","material","yearnings",1
"1796","materials","engineering",1
"1797","matic","milker",1
"1798","matters","relating",1
"1799","mayor","cratic",1
"1800","mccord","wright",1
"1801","mccormack","majority",1
"1802","mccormick","brooks",1
"1803","meade","alcorn",1
"1804","meaningful","symptoms",1
"1805","means","committee",1
"1806","means","test",1
"1807","meany","byrd",1
"1808","measurable","stability",1
"1809","measurably","enforce",1
"1810","measured","reasoning",1
"1811","medical","authority",1
"1812","medical","care",1
"1813","medical","opinion",1
"1814","mediocrities","demagogues",1
"1815","meet","social",1
"1816","melancholy","destiny",1
"1817","mell","poll",1
"1818","mellsop","organization",1
"1819","mental","ical",1
"1820","mental","moral",1
"1821","mental","muscle",1
"1822","mentioned","joseph",1
"1823","mentor","told",1
"1824","men’s","lives",1
"1825","men’s","stomachs",1
"1826","merchant","marine",1
"1827","mere","clerks",1
"1828","mere","congregations",1
"1829","mere","handout",1
"1830","mere","revival",1
"1831","mere","surveys",1
"1832","merged","federations",1
"1833","message","americans",1
"1834","met","defeat",1
"1835","mexican","dictator",1
"1836","mid","october",1
"1837","middleton","cox",1
"1838","mild","tem",1
"1839","mild","temperature",1
"1840","military","aggression",1
"1841","military","power",1
"1842","military","strength",1
"1843","million","stockholders",1
"1844","million","voters",1
"1845","million","votes",1
"1846","million","wallace’s",1
"1847","minded","democrats",1
"1848","minded","leaders",1
"1849","minister's","home",1
"1850","minnesota","rewho",1
"1851","minor","variations",1
"1852","minority","pressures",1
"1853","miserable","wages",1
"1854","misleading","report",1
"1855","model","socialist",1
"1856","model","takes",1
"1857","modern","economists",1
"1858","modernize","thei",1
"1859","modest","charge",1
"1860","modified","competitive",1
"1861","moley","ampaign",1
"1862","moley","banks",1
"1863","moley","curate",1
"1864","moley","days",1
"1865","moley","fund",1
"1866","moley","hat",1
"1867","moley","hortly",1
"1868","moley","roll",1
"1869","moley","talk",1
"1870","moley","tices",1
"1871","moley's","article",1
"1872","momentous","choices",1
"1873","money","accurately",1
"1874","money","manpower",1
"1875","money","power",1
"1876","money","spent",1
"1877","monstrous","fraud",1
"1878","montana","democrat",1
"1879","months","days",1
"1880","montpelier","vt",1
"1881","monumental","job",1
"1882","moral","issue",1
"1883","moral","strictures",1
"1884","morale","building",1
"1885","mortal","threat",1
"1886","move","farther",1
"1887","move","human",1
"1888","moves","forward",1
"1889","multitudinous","reform",1
"1890","murray","montana",1
"1891","music","recordings",1
"1892","musical","requirements",1
"1893","mutual","fear",1
"1894","named","london",1
"1895","named","proxmire",1
"1896","nashville","banner",1
"1897","nation","action",1
"1898","nation","internal",1
"1899","nation","minority",1
"1900","nation's","sovereign",1
"1901","national","aeronautics",1
"1902","national","affairs",1
"1903","national","committeeman",1
"1904","national","committeemen",1
"1905","national","con",1
"1906","national","crisis",1
"1907","national","education",1
"1908","national","emergency",1
"1909","national","government",1
"1910","national","industrial",1
"1911","national","leadership",1
"1912","national","legislation",1
"1913","national","organizations",1
"1914","national","parties",1
"1915","national","party",1
"1916","national","pressure",1
"1917","national","product",1
"1918","national","production",1
"1919","national","progress",1
"1920","national","temper",1
"1921","national","wealth",1
"1922","nations","pledged",1
"1923","nation’s","attention",1
"1924","nation’s","taxpayers",1
"1925","natural","determinism",1
"1926","natural","forces",1
"1927","nature","wove",1
"1928","nazi","apostles",1
"1929","naïve","ideas",1
"1930","neatly","dissects",1
"1931","necessity","follow",1
"1932","necessity","shift",1
"1933","negative","role",1
"1934","neighbor’s","chickens",1
"1935","nineteenth","century",1
"1936","nixon","humphrey",1
"1937","nixon","knowland",1
"1938","nixon","ning",1
"1939","nixon","opposes",1
"1940","nixon","symington",1
"1941","nobly","conceived",1
"1942","nonpartisan","organization",1
"1943","nonpolitical","independent",1
"1944","nonvoting","eligibles",1
"1945","nore","hopelessly",1
"1946","normal","democratic",1
"1947","normal","political",1
"1948","notable","businessman",1
"1949","notable","people",1
"1950","november","victory",1
"1951","numerous","opportunities",1
"1952","oasi","insurance",1
"1953","objectives","office",1
"1954","obstacles","stand",1
"1955","obvious","examples",1
"1956","occas","avail",1
"1957","occupation","national",1
"1958","occupation","scap",1
"1959","ocr","errors",1
"1960","october","patent",1
"1961","offers","counsel",1
"1962","office","chairmen",1
"1963","office","choice",1
"1964","office","destroy",1
"1965","office","election",1
"1966","office","evil",1
"1967","office","henry",1
"1968","office","moley",1
"1969","office","polled",1
"1970","office","registered",1
"1971","office","remains",1
"1972","office","willkie",1
"1973","official","agencies",1
"1974","official","associates",1
"1975","official","corruption",1
"1976","official","family",1
"1977","official","ornaments",1
"1978","official","party",1
"1979","official","publication",1
"1980","officials","suggesting",1
"1981","ohio's","top",1
"1982","oil","production",1
"1983","olan","apap",1
"1984","olson","stuck",1
"1985","ominous","figures",1
"1986","onheart","declarations",1
"1987","onstrate","herald",1
"1988","op","rupt",1
"1989","operation","comprises",1
"1990","operation","tolerance",1
"1991","opinion","poll",1
"1992","opponent","earl",1
"1993","opportunileader","announcing",1
"1994","opposed","evidence",1
"1995","opposition","leaders",1
"1996","opposition","voters",1
"1997","optional","purchase",1
"1998","oregon","counties",1
"1999","oregon","power",1
"2000","oregon","sweep",1
"2001","organ","instruments",1
"2002","organization","dedicated",1
"2003","organization","limited",1
"2004","organizations","ther",1
"2005","organized","effort",1
"2006","organized","politically",1
"2007","organized","support",1
"2008","original","idea",1
"2009","original","jurisdiction",1
"2010","original","layout",1
"2011","original","paragraph",1
"2012","original","social",1
"2013","original","structure",1
"2014","os","angeles",1
"2015","oth","conant",1
"2016","othtaking","loyal",1
"2017","ous","absentee",1
"2018","outlook","flynn",1
"2019","outpromise","liberal",1
"2020","outstanding","defeats",1
"2021","outworn","residence",1
"2022","outworn","shibboleths",1
"2023","overburdened","industry",1
"2024","overlapping","text",1
"2025","overwhelming","powers",1
"2026","pacific","coast",1
"2027","pacific","war",1
"2028","paid","employees",1
"2029","pan","slavism",1
"2030","paper","ballots",1
"2031","paragraph","breaks",1
"2032","paraphrase","hall",1
"2033","parties","moley",1
"2034","parties","shorn",1
"2035","partisan","democrats",1
"2036","party","affiliation",1
"2037","party","alike",1
"2038","party","alive",1
"2039","party","assumes",1
"2040","party","behavior",1
"2041","party","candidates",1
"2042","party","count",1
"2043","party","dedi",1
"2044","party","emerged",1
"2045","party","encumbered",1
"2046","party","insiders",1
"2047","party","leaders",1
"2048","party","literature",1
"2049","party","membership",1
"2050","party","organizations",1
"2051","party","philosophy",1
"2052","party","platform",1
"2053","party","policy",1
"2054","party","post",1
"2055","party","principles",1
"2056","party","strength",1
"2057","party","student",1
"2058","party","system",1
"2059","party","units",1
"2060","party","voters",1
"2061","party","wendell",1
"2062","party","who’s",1
"2063","party’s","vote",1
"2064","pass","legislation",1
"2065","passage","kennedy",1
"2066","passing","reference",1
"2067","past","radio",1
"2068","past","recognition",1
"2069","past","ten",1
"2070","pastore","murray",1
"2071","patent","light",1
"2072","patent","registered",1
"2073","patriotism","abided",1
"2074","patronage","remains",1
"2075","pawn","responsible",1
"2076","pay","hundreds",1
"2077","paying","lip",1
"2078","pearl","harbor",1
"2079","pecuniary","rewards",1
"2080","peking","government",1
"2081","peking","invests",1
"2082","pell","mell",1
"2083","penny","ante",1
"2084","people","assumed",1
"2085","people","bear",1
"2086","people","glibly",1
"2087","people","speculating",1
"2088","people.are","dissatisfied",1
"2089","perature","prevailed",1
"2090","perceptive","californians",1
"2091","perfectly","separating",1
"2092","perils","involved",1
"2093","period","medical",1
"2094","periods","prior",1
"2095","periscope","preview",1
"2096","permanent","minority",1
"2097","permissive","home",1
"2098","permitted","partisans",1
"2099","personal","achievement",1
"2100","personal","fortunes",1
"2101","personal","honor",1
"2102","personal","inclination",1
"2103","personal","knowledge",1
"2104","personal","preferences",1
"2105","personal","satisfaction",1
"2106","personnel","mass",1
"2107","persp","ective",1
"2108","persp","registered",1
"2109","pertinent","questions",1
"2110","pervious","organism",1
"2111","pests","pounce",1
"2112","petty","officer",1
"2113","ph.d","education",1
"2114","photographed","smil",1
"2115","photographed","smiling",1
"2116","physand","emotional",1
"2117","physical","business",1
"2118","physical","demands",1
"2119","plan","embodied",1
"2120","plan","impersonal",1
"2121","plan","leaves",1
"2122","plan","prepared",1
"2123","plane","leaders",1
"2124","planner","manager",1
"2125","plans","engineering",1
"2126","platform","johnson",1
"2127","platform","promises",1
"2128","platform","texas",1
"2129","play","ties",1
"2130","pleasant","adornment",1
"2131","plural","regency",1
"2132","poem","tells",1
"2133","poignant","scenes",1
"2134","policy","persistently",1
"2135","political","action",1
"2136","political","activity",1
"2137","political","advantage",1
"2138","political","arms",1
"2139","political","balance",1
"2140","political","campaign",1
"2141","political","conclusions",1
"2142","political","counsel",1
"2143","political","destinies",1
"2144","political","events",1
"2145","political","ideals",1
"2146","political","machinery",1
"2147","political","machines",1
"2148","political","methods",1
"2149","political","newcomer",1
"2150","political","par",1
"2151","political","parties",1
"2152","political","purposes",1
"2153","political","retaliation",1
"2154","political","supremacy",1
"2155","political","unknowns",1
"2156","politically","acceptable",1
"2157","politically","inspired",1
"2158","politically","minded",1
"2159","politically","oregon",1
"2160","politicians","grab",1
"2161","politicians","leaders",1
"2162","politics","closely",1
"2163","politics","design",1
"2164","politics","history",1
"2165","politics","provide",1
"2166","polititell","republican",1
"2167","polled","moley",1
"2168","polls","shaped",1
"2169","pollsum","card",1
"2170","pollsum","whipped",1
"2171","pono","doubt",1
"2172","poor","grace",1
"2173","poorly","paid",1
"2174","popular","president",1
"2175","popular","vote",1
"2176","popularization","swept",1
"2177","population","abroad",1
"2178","population","burning",1
"2179","population","industrial",1
"2180","portant","office",1
"2181","portentous","drive",1
"2182","posimen","sufficiently",1
"2183","position","official",1
"2184","positively","doubt",1
"2185","potent","exponent",1
"2186","potential","ocr",1
"2187","power","advocate",1
"2188","power","assured",1
"2189","power","congress",1
"2190","power","met",1
"2191","power","policies",1
"2192","power","voters",1
"2193","power","zealots",1
"2194","powerful","force",1
"2195","powerful","machine",1
"2196","powerful","majority",1
"2197","powerful","organization",1
"2198","ppicinn","ae",1
"2199","practical","application",1
"2200","practice","moved",1
"2201","pre","election",1
"2202","pre","pearl",1
"2203","precede","tax",1
"2204","precipitate","chaos",1
"2205","preconvention","fight",1
"2206","preferences","denied",1
"2207","pregident","visited",1
"2208","prejudiced","story",1
"2209","preliminaries","decision",1
"2210","prepare","ticket",1
"2211","presently","tapped",1
"2212","presi","dent",1
"2213","president","depend",1
"2214","president","eisenhower's",1
"2215","president","george",1
"2216","president","roosevelt’s",1
"2217","president","won",1
"2218","president","woodrow",1
"2219","president's","party",1
"2220","president's","past",1
"2221","president's","program",1
"2222","president's","support",1
"2223","presidential","aspirants",1
"2224","presidential","balance",1
"2225","presidential","candidacies",1
"2226","presidential","opinion",1
"2227","presidential","press",1
"2228","presidential","sponsorship",1
"2229","presidential","vote",1
"2230","president’s","armistice",1
"2231","president’s","opinion",1
"2232","president’s","press",1
"2233","president’s","program",1
"2234","president’s","responsibility",1
"2235","president’s","scolding",1
"2236","president’s","statements",1
"2237","president’s","visit",1
"2238","press","behavior",1
"2239","pretty","deep",1
"2240","pretty","squalid",1
"2241","pretty","uninspiring",1
"2242","pretty","violently",1
"2243","prevented","congressional",1
"2244","preventive","war",1
"2245","preview","vast",1
"2246","previous","administrations",1
"2247","previous","paintings",1
"2248","price","reduction",1
"2249","prices","paralysis",1
"2250","pride","personal",1
"2251","primary","campaigns",1
"2252","prime","minister's",1
"2253","prime","objective",1
"2254","primitive","times",1
"2255","principles","listed",1
"2256","private","information",1
"2257","private","participation",1
"2258","private","philanthropy",1
"2259","private","publication",1
"2260","private","tutors",1
"2261","produce","super",1
"2262","production","line",1
"2263","prof","charles",1
"2264","prof","david",1
"2265","prof","sumner",1
"2266","professional","conservative",1
"2267","professional","job",1
"2268","professional","polititell",1
"2269","professional","workers",1
"2270","professionally","trained",1
"2271","professor","wright",1
"2272","profits","levy",1
"2273","profligate","government",1
"2274","profound","constitutional",1
"2275","program","fails",1
"2276","progressive","corporation",1
"2277","prominent","american",1
"2278","promises","democratic",1
"2279","promote","national",1
"2280","properly","con",1
"2281","property","custodian",1
"2282","proportion","involved",1
"2283","propriations","committees",1
"2284","proprietors","professional",1
"2285","prospective","federal",1
"2286","prospective","presidential",1
"2287","protected","life",1
"2288","protestant","ministers",1
"2289","proved","record",1
"2290","provide","control",1
"2291","provide","effective",1
"2292","provide","healthinsurance",1
"2293","provide","medical",1
"2294","provide","relief",1
"2295","provided","due",1
"2296","provided","equitably",1
"2297","public","acceptance",1
"2298","public","appearance",1
"2299","public","concern",1
"2300","public","denied",1
"2301","public","funds",1
"2302","public","indignation",1
"2303","public","money",1
"2304","public","morale",1
"2305","public","office",1
"2306","public","opposition",1
"2307","public","responsibility",1
"2308","public","services",1
"2309","public","suspicion",1
"2310","public","tastes",1
"2311","public","utility",1
"2312","publish","confusing",1
"2313","publish","essentially",1
"2314","purely","advisory",1
"2315","purely","political",1
"2316","purses","notable",1
"2317","pursued","subversion",1
"2318","putative","presiden",1
"2319","qualified","american",1
"2320","qualified","voters",1
"2321","qualified","widely",1
"2322","quarterly","subsequently",1
"2323","question","rises",1
"2324","questions","arise",1
"2325","questions","selected",1
"2326","quickly","forget",1
"2327","quoted","chairman",1
"2328","radical","elements",1
"2329","radical","farmers",1
"2330","radical","proposal",1
"2331","radio","corporation",1
"2332","radio","program",1
"2333","radio","sues",1
"2334","ran","olson",1
"2335","range","gains",1
"2336","rare","capacity",1
"2337","rate","considerably",1
"2338","rates","yield",1
"2339","rational","climate",1
"2340","rational","meaning",1
"2341","rational","reason",1
"2342","reactionary","money",1
"2343","read","due",1
"2344","read","laboriously",1
"2345","reading","aloud",1
"2346","real","color",1
"2347","real","test",1
"2348","real","victims",1
"2349","real","war",1
"2350","realists","paid",1
"2351","receipt","disbursement",1
"2352","receive","payments",1
"2353","received","dewey’s",1
"2354","recent","afl",1
"2355","recent","campaign",1
"2356","recent","radio",1
"2357","recent","senatorial",1
"2358","recent","session",1
"2359","reckless","irresponsible",1
"2360","recognize","red",1
"2361","recognizing","red",1
"2362","record","changer",1
"2363","record","votes",1
"2364","recordings","capehart",1
"2365","recruiting","candidates",1
"2366","recruiting","party",1
"2367","rect","methods",1
"2368","redistributing","wealth",1
"2369","reduced","yearly",1
"2370","reduction","extending",1
"2371","reduction","plan",1
"2372","reelect","albert",1
"2373","reelected","fish",1
"2374","reflectively","pollsum",1
"2375","reform","workers",1
"2376","reformers","keynes",1
"2377","reforming","people",1
"2378","refusing","recognition",1
"2379","regaining","control",1
"2380","regard","as_",1
"2381","regarded","aj",1
"2382","regional","conferences",1
"2383","regional","conservative",1
"2384","regisof","tered",1
"2385","register","thereon",1
"2386","registered","determinism’s",1
"2387","registered","henry",1
"2388","registered","ike’s",1
"2389","registered","patent",1
"2390","regular","army",1
"2391","rejected","justice",1
"2392","relative","standing",1
"2393","relative","strangers",1
"2394","relief","repealing",1
"2395","reluctance","leo",1
"2396","remain","requiring",1
"2397","remaining","tenet",1
"2398","remains","moley",1
"2399","reoublican","candidates",1
"2400","rep","isolationist",1
"2401","rep","joseph",1
"2402","report","widely",1
"2403","reporter","arthur",1
"2404","reporter","der",1
"2405","representain","congress",1
"2406","representative","simpson",1
"2407","representatives","received",1
"2408","reproduction","television",1
"2409","republican","candidate",1
"2410","republican","commentators",1
"2411","republican","comwas",1
"2412","republican","concerned",1
"2413","republican","congress",1
"2414","republican","congressman",1
"2415","republican","defense",1
"2416","republican","drift",1
"2417","republican","gain",1
"2418","republican","governors",1
"2419","republican","leader",1
"2420","republican","losses",1
"2421","republican","nomination",1
"2422","republican","organizations",1
"2423","republican","platform",1
"2424","republican","pri",1
"2425","republican","senate",1
"2426","republican","share",1
"2427","republican","ticket",1
"2428","republican","workers",1
"2429","republicans","cast",1
"2430","republicans","opposed",1
"2431","republicans","schoeppel",1
"2432","republicans","suggest",1
"2433","requires","liberty",1
"2434","requiring","manual",1
"2435","research","institute",1
"2436","reserve","coupled",1
"2437","residence","requirement",1
"2438","resist","pressures",1
"2439","respect","extended",1
"2440","respected","lawyer",1
"2441","respects","excellent",1
"2442","responsibility","personal",1
"2443","responsibility","requires",1
"2444","responsibility","rests",1
"2445","responsible","leader",1
"2446","responsible","officials",1
"2447","responsible","people",1
"2448","responsible","reporter",1
"2449","rest","reasonable",1
"2450","result","ac",1
"2451","retired","employes",1
"2452","retirement","age",1
"2453","retirement","gop",1
"2454","revolutionary","change",1
"2455","rhode","island",1
"2456","rich","people",1
"2457","richard","la",1
"2458","richard","wilson",1
"2459","riotous","time",1
"2460","rival","claims",1
"2461","rivals","prowling",1
"2462","rogressive","taxation",1
"2463","roll","call",1
"2464","roman","catholic",1
"2465","roosevelt","administration",1
"2466","roosevelt","scoffed",1
"2467","roosevelt’s","comment",1
"2468","roscoe","drummond",1
"2469","round","employees",1
"2470","round","managers",1
"2471","roving","experts",1
"2472","rupt","election",1
"2473","rural","districts",1
"2474","russian","economic",1
"2475","russian","leaders",1
"2476","russian","power",1
"2477","s.c","news",1
"2478","s.m","brownell",1
"2479","sacred","public",1
"2480","sad","satisfaction",1
"2481","sadlak","plan",1
"2482","safely","labor",1
"2483","san","diego",1
"2484","san","joaquin",1
"2485","san","juan",1
"2486","san","timonious",1
"2487","sanders","book",1
"2488","sanders","discusses",1
"2489","sanders","opinions",1
"2490","sational","announcement",1
"2491","saved","olson",1
"2492","savings","insurance",1
"2493","scant","margin",1
"2494","scanty","list",1
"2495","scap","required",1
"2496","scc","occas",1
"2497","scheduled","reduction",1
"2498","scheduled","wait",1
"2499","schoeppel","chairman",1
"2500","schoeppel","cites",1
"2501","schoeppel","margaret",1
"2502","schoeppel","simpson",1
"2503","school","classrooms",1
"2504","school","professor",1
"2505","school","property",1
"2506","schroeder","national",1
"2507","science","appeared",1
"2508","scientific","determination",1
"2509","scientific","determinism",1
"2510","scientist","differs",1
"2511","scorn","delights",1
"2512","scotland","fraud",1
"2513","sea","reprints",1
"2514","secretary","marion",1
"2515","secretary","seaton",1
"2516","security","act",1
"2517","security","benefits",1
"2518","security","insurance",1
"2519","security","oasi",1
"2520","security","system",1
"2521","seek","guidance",1
"2522","seeking","congressional",1
"2523","seeks","equality",1
"2524","selected","beneficiaries",1
"2525","selecting","people",1
"2526","sen","burton",1
"2527","sen","harry",1
"2528","sen","joseph",1
"2529","senate","party",1
"2530","senate","roll",1
"2531","senate","seats",1
"2532","senator","brooks",1
"2533","senator","kennedy",1
"2534","senator","neuberger",1
"2535","senator","reed",1
"2536","senator","taft",1
"2537","senator","welker",1
"2538","senator's","cronies",1
"2539","senatorial","election",1
"2540","senators","governors",1
"2541","senators","kennedy",1
"2542","senators","schoeppel",1
"2543","sensational","announcement",1
"2544","sentee","ballots",1
"2545","sentiments","free",1
"2546","separate","piece",1
"2547","september","ective",1
"2548","servative","candidate",1
"2549","service","close",1
"2550","service","indispensable",1
"2551","service","wright",1
"2552","settled","rule",1
"2553","seymour","resulted",1
"2554","shaky","alliances",1
"2555","shape","politics",1
"2556","share","industry",1
"2557","sharply","distinguished",1
"2558","sheer","physical",1
"2559","sheet","music",1
"2560","shift","managers",1
"2561","shifting","public",1
"2562","shining","sons",1
"2563","shop","stewards",1
"2564","short","congress",1
"2565","sick","joe",1
"2566","significant","military",1
"2567","simply","offering",1
"2568","simpson","researches",1
"2569","sinclair","weeks",1
"2570","sinclairites","single",1
"2571","single","election",1
"2572","single","referendum",1
"2573","single","taxers",1
"2574","sionally","trained",1
"2575","sir","david",1
"2576","sister","ship",1
"2577","sixteen","repetitions",1
"2578","size","towns",1
"2579","skilled","engineer",1
"2580","skilled","political",1
"2581","skillful","organization",1
"2582","slavish","adherence",1
"2583","slichter's","generality",1
"2584","slight","indication",1
"2585","slighted","lected",1
"2586","slightly","inaccurate",1
"2587","slightly","misrepresented",1
"2588","smalls","driving",1
"2589","smarter","henrys",1
"2590","sober","gentle",1
"2591","social","class",1
"2592","social","distinction",1
"2593","social","functions",1
"2594","social","reform",1
"2595","social","service",1
"2596","social","system",1
"2597","social","unrest",1
"2598","social","unsound",1
"2599","socialist","labor",1
"2600","sociological","imagination",1
"2601","soft","pervious",1
"2602","sole","appeal",1
"2603","sole","function",1
"2604","sole","motive",1
"2605","solemn","duty",1
"2606","solid","republican",1
"2607","solidly","conserva",1
"2608","solidly","conservative",1
"2609","solidly","democratic",1
"2610","sought","protection",1
"2611","south","democratic",1
"2612","southeast","asia",1
"2613","southeastern","asia",1
"2614","southern","newspapers",1
"2615","southern","senators",1
"2616","sovereign","power",1
"2617","soviet","boast",1
"2618","soviet","rus",1
"2619","space","administration",1
"2620","space","shortly",1
"2621","space","suggesting",1
"2622","sparsely","settled",1
"2623","speaker","joe",1
"2624","specialists","pon",1
"2625","specialists","pondered",1
"2626","specially","selected",1
"2627","specific","denials",1
"2628","specific","function",1
"2629","specific","issues",1
"2630","specific","material",1
"2631","specific","plan",1
"2632","specific","plans",1
"2633","speech","adlai",1
"2634","speech","question",1
"2635","speeches","shakes",1
"2636","spending","increases",1
"2637","spending","items",1
"2638","spending","votes",1
"2639","spiritedprimary","contest",1
"2640","splendid","job",1
"2641","spot","check",1
"2642","stability","productivity",1
"2643","stabilizing","reform",1
"2644","stand","auto",1
"2645","stand","automatic",1
"2646","standard","comment",1
"2647","standard","oil",1
"2648","stark","poverty",1
"2649","stassen","gaffe",1
"2650","stassen","sen",1
"2651","statesmen","importance",1
"2652","state’s","province",1
"2653","statistical","agency",1
"2654","statistical","tables",1
"2655","steel","col",1
"2656","steel","collecting",1
"2657","steep","progression",1
"2658","step","forward",1
"2659","stevenson","called",1
"2660","stevenson","campaigning",1
"2661","stevenson","implies",1
"2662","stevenson","received",1
"2663","stifling","regimentation",1
"2664","stil","time",1
"2665","story","isn’t",1
"2666","story","widely",1
"2667","strained","resources",1
"2668","strange","surroundings",1
"2669","strategy","governor",1
"2670","straw","votes",1
"2671","street","looked",1
"2672","strength","borrowed",1
"2673","stress","conant",1
"2674","stretches","miles",1
"2675","strident","minority",1
"2676","strong","call",1
"2677","strong","exceptions",1
"2678","strong","feeling",1
"2679","strong","investigator",1
"2680","strong","labor",1
"2681","strong","national",1
"2682","strong","organizations",1
"2683","strong","personal",1
"2684","strong","pollsters",1
"2685","stronger","appointment",1
"2686","strongly","unionized",1
"2687","structure","writers",1
"2688","students","desires",1
"2689","study","invaluable",1
"2690","study","promote",1
"2691","stuff","grew",1
"2692","subdued","pride",1
"2693","subject","listed",1
"2694","submarine","officer",1
"2695","subsequently","senator",1
"2696","subsidized","federal",1
"2697","substantial","reason",1
"2698","subtle","pressure",1
"2699","subversive","influences",1
"2700","succeed","knowland",1
"2701","succeeding","generation",1
"2702","succeeding","presi",1
"2703","success","leading",1
"2704","successfully","met",1
"2705","suffering","taxpayer",1
"2706","sufficiently","wise",1
"2707","suggesting","reforms",1
"2708","suggests","annual",1
"2709","sums","collected",1
"2710","supby","conservative",1
"2711","super","leaders",1
"2712","superlative","instrument",1
"2713","support","registered",1
"2714","support","score",1
"2715","support","upstate",1
"2716","surplus","headache",1
"2717","surpriswrote","roscoe",1
"2718","surtax","exemption",1
"2719","surtax","rates",1
"2720","system","carry",1
"2721","system","november",1
"2722","tables","borrowed",1
"2723","takes","close",1
"2724","takes","time",1
"2725","tammany","tweed",1
"2726","tapped","tax",1
"2727","taught","determinism",1
"2728","tax","adjustments",1
"2729","tax","antoni",1
"2730","tax","deductions",1
"2731","tax","exempt",1
"2732","tax","exempticns",1
"2733","tax","involves",1
"2734","tax","plan",1
"2735","tax","policy",1
"2736","tax","reduction",1
"2737","tax","sources",1
"2738","tax","structure",1
"2739","taxable","income",1
"2740","taxation","notably",1
"2741","taxes","discourage",1
"2742","taxes","false",1
"2743","taxes","october",1
"2744","taxing","powers",1
"2745","taxpayers","gains",1
"2746","teacher","shortage",1
"2747","teachers","offer",1
"2748","teachers","salaries",1
"2749","technical","personnel",1
"2750","technical","workers",1
"2751","technological","progress",1
"2752","television","set",1
"2753","temperature","prevailed",1
"2754","tered","voters",1
"2755","terrifying","examples",1
"2756","tested","social",1
"2757","texaf","law",1
"2758","texas","democrats",1
"2759","text","unrelated",1
"2760","thei","election",1
"2761","ther","err",1
"2762","thi","casts",1
"2763","thinking","congressman",1
"2764","thirteenth","term",1
"2765","thousand","illiterates",1
"2766","threat","june",1
"2767","throop","smith",1
"2768","tial","candidates",1
"2769","ticket","byrd",1
"2770","tidal","patterns",1
"2771","ties","halted",1
"2772","timate","bruised",1
"2773","time","congress",1
"2774","time","proved",1
"2775","time","tested",1
"2776","time","voted",1
"2777","time","voting",1
"2778","times","permitted",1
"2779","timonious","newspaper",1
"2780","tiny","percentage",1
"2781","tion","day",1
"2782","tion","ers",1
"2783","title","fragile",1
"2784","tive","candidate",1
"2785","tive","departments",1
"2786","tively","reveal",1
"2787","tokyo’s","governor",1
"2788","tolerance","understanding",1
"2789","tone","poem",1
"2790","tonic","effect",1
"2791","top","level",1
"2792","top","republicans",1
"2793","total","individual",1
"2794","total","majority",1
"2795","total","paid",1
"2796","total","roll",1
"2797","town","newspapers",1
"2798","towns","cities",1
"2799","trade","organization",1
"2800","trade","union",1
"2801","train","rest",1
"2802","trano","surely",1
"2803","transformed","horned",1
"2804","trillion","dollars",1
"2805","triumphant","powerful",1
"2806","troubled","relations",1
"2807","true","masters",1
"2808","truman","administrations",1
"2809","truman","carried",1
"2810","truman’s","million",1
"2811","trust","receive",1
"2812","turbulent","sea",1
"2813","tweed","ring",1
"2814","twelfth","california",1
"2815","twelfth","district",1
"2816","twin","offices",1
"2817","u.s","commissioner",1
"2818","u.s","registered",1
"2819","ukrainian","vil",1
"2820","ukrainian","village",1
"2821","ultimate","decision",1
"2822","ultimate","reaction",1
"2823","ultimate","transformation",1
"2824","ultimately","relies",1
"2825","unbroken","tenure",1
"2826","uncommitted","nations",1
"2827","uncommon","responsi",1
"2828","underlying","pathology",1
"2829","understandable","differences",1
"2830","undertake","critical",1
"2831","undivided","responsibility",1
"2832","uneven","contest",1
"2833","unfair","noted",1
"2834","unfavorable","light",1
"2835","unflattering","terms",1
"2836","uninspiring","candidate",1
"2837","union","council",1
"2838","union","funds",1
"2839","union","leaders",1
"2840","union","nore",1
"2841","union","politics",1
"2842","union","tion",1
"2843","unions","twenty",1
"2844","unique","conditions",1
"2845","unit","larger",1
"2846","united","nations",1
"2847","united","political",1
"2848","university","inaugural",1
"2849","unjust","alike",1
"2850","unmistakable","hesitation",1
"2851","unparalleled","opportunity",1
"2852","unprecedented","feat",1
"2853","unpremeditated","war",1
"2854","unproductive","disposition",1
"2855","unquestioned","manufacturing",1
"2856","unremitting","discipline",1
"2857","unsaved","independent",1
"2858","unskilled","industrial",1
"2859","unusual","sense",1
"2860","unwarranted","invasion",1
"2861","upper","house",1
"2862","upstate","republican",1
"2863","ur","job",1
"2864","urban","registration.rules",1
"2865","urban","suburban",1
"2866","usefully","employing",1
"2867","utmost","energies",1
"2868","utter","detachment",1
"2869","vacations","means",1
"2870","valid","reason",1
"2871","valid","vote",1
"2872","van","published",1
"2873","variety","running",1
"2874","vast","borrowing",1
"2875","vast","importance",1
"2876","vast","southeastern",1
"2877","vast","sums",1
"2878","vastly","bigger",1
"2879","venerable","beauty",1
"2880","venerated","teachers",1
"2881","vice","chairof",1
"2882","vice","presidential",1
"2883","victory","enjoy",1
"2884","viet","boast",1
"2885","vigorous","prosecuted",1
"2886","vindictive","attacks",1
"2887","violently","opposed",1
"2888","vip","overlooked",1
"2889","virtually","disappeared",1
"2890","virulent","litical",1
"2891","vision","december",1
"2892","vision","radio",1
"2893","visited","california",1
"2894","visited","naval",1
"2895","vital","issue",1
"2896","vital","matter",1
"2897","voluntary","associations",1
"2898","voluntary","organization",1
"2899","volunteer","workers",1
"2900","vote","cast",1
"2901","vote","dropped",1
"2902","vote","favored",1
"2903","vote","identify",1
"2904","vote","strategy",1
"2905","voted","democratic",1
"2906","voted","favorably",1
"2907","voters","decide",1
"2908","voters","failed",1
"2909","voters","poliis",1
"2910","votes","ahead",1
"2911","votes","mellsop",1
"2912","votes","polls",1
"2913","votes","putting",1
"2914","voting","districts",1
"2915","voting","qualifications",1
"2916","voting","records",1
"2917","voting","requirements",1
"2918","voting","rights",1
"2919","w.j","waring",1
"2920","wages","compared",1
"2921","wait","stevenson",1
"2922","war","annihilation",1
"2923","war","assured",1
"2924","war","bonds",1
"2925","war","captures",1
"2926","war","ii",1
"2927","war","tossing",1
"2928","war's","earlier",1
"2929","warren","harding",1
"2930","warren","nixon",1
"2931","warwick","leamington",1
"2932","washington","correspondents",1
"2933","washington","d.c",1
"2934","washington","freeman",1
"2935","waste","money",1
"2936","watch","slowly",1
"2937","wayne","farnsworth",1
"2938","wealth","political",1
"2939","weight","attached",1
"2940","welfare","elections",1
"2941","welfare","setup",1
"2942","west","circumstances",1
"2943","west","slight",1
"2944","western","kahsas",1
"2945","western","moral",1
"2946","whenhe","makes",1
"2947","wholeheartedly","tions",1
"2948","wholesale","corruption",1
"2949","wide","discussion",1
"2950","wide","diver",1
"2951","widely","acquainted",1
"2952","widely","published",1
"2953","widely","reported",1
"2954","widely","separated",1
"2955","widely","spread",1
"2956","wife","suggested",1
"2957","wife","tightening",1
"2958","william","burke",1
"2959","willkie","rep",1
"2960","willkie’s","influence",1
"2961","wilson","broke",1
"2962","wilson","disfranchised",1
"2963","wilson","doctrine",1
"2964","wilson","incapacity",1
"2965","witness","vannevar",1
"2966","wonderful","instruments",1
"2967","won’t","tells",1
"2968","woodrow","wilson",1
"2969","word","leadership",1
"2970","words","deep",1
"2971","workable","formula",1
"2972","worker","con",1
"2973","workers","call",1
"2974","workers","carry",1
"2975","workers","ighim",1
"2976","world","america’s",1
"2977","world","december",1
"2978","world","eisenhower’s",1
"2979","world","events",1
"2980","world","insulated",1
"2981","world","market",1
"2982","world","war",1
"2983","worn","figure",1
"2984","wpb","representative",1
"2985","wright","observes",1
"2986","wright's","criticism",1
"2987","wrong","insurance",1
"2988","wuhart","history",1
"2989","year’s","residence",1
"2990","york","kansas",1
"2991","york","times",1
"2992","york","tribune",1
"2993","zealots","radical",1
